Day,Stage,Id
6,STAGE_1,22
6,DIE,5138
6,STAGE_1,33472
6,DIE,56925
6,POLYP_5,70617
6,STAGE_1,91673
6,STAGE_1,97099
13,DIE,23673
13,STAGE_2,40617
13,POLYP_5,45885
13,STAGE_1,62006
13,STAGE_1,66354
13,STAGE_1,88384
20,STAGE_3,56414
20,DIE,56437
20,DIE,84918
27,STAGE_2,11697
27,STAGE_1,14086
27,POLYP_5,47934
27,STAGE_3,88630
27,STAGE_1,98573
34,POLYP_5,26469
34,POLYP_5,95398
41,STAGE_1,15014
41,STAGE_1,19858
41,STAGE_3,32722
41,STAGE_3,81329
41,POLYP_5,83913
41,STAGE_1,97705
48,STAGE_2,14683
48,POLYP_5,21020
48,STAGE_1,42589
48,POLYP_5,43102
48,STAGE_1,52601
48,DIE,53306
48,STAGE_1,81964
55,STAGE_1,1538
55,STAGE_2,6084
55,STAGE_1,18353
55,STAGE_1,40118
55,STAGE_1,65774
55,STAGE_3,89262
55,STAGE_1,89416
55,STAGE_1,93495
62,POLYP_5,824
62,STAGE_1,14487
62,STAGE_3,53320
62,STAGE_4,83254
69,STAGE_2,20686
69,STAGE_1,34731
76,STAGE_1,15152
76,POLYP_5,19849
76,POLYP_5,44628
76,STAGE_1,92041
83,DIE,640
83,STAGE_3,5065
83,POLYP_5,22191
83,STAGE_1,29641
83,STAGE_2,48359
83,STAGE_1,55187
83,STAGE_1,58208
83,POLYP_5,86029
90,DIE,1386
90,STAGE_4,13241
90,STAGE_2,93017
90,STAGE_1,93269
90,POLYP_5,94229
97,STAGE_1,21393
97,STAGE_1,22430
97,STAGE_1,23915
97,STAGE_2,24844
97,STAGE_3,24966
97,STAGE_3,45439
97,STAGE_1,48373
97,STAGE_4,49024
97,STAGE_1,73900
104,STAGE_4,45395
104,STAGE_4,54692
111,STAGE_1,30720
111,STAGE_2,36274
111,DIE,50832
111,STAGE_1,79623
118,STAGE_2,28778
118,STAGE_1,59223
118,STAGE_4,76882
125,STAGE_1,7290
125,STAGE_3,28243
125,POLYP_5,51830
132,STAGE_3,50856
132,POLYP_5,85832
139,STAGE_2,17591
139,STAGE_1,69844
146,POLYP_5,13172
146,STAGE_1,77256
146,STAGE_1,90528
153,POLYP_5,5861
153,STAGE_1,31341
153,POLYP_5,53100
153,POLYP_5,56809
160,STAGE_1,19926
160,STAGE_1,31069
160,POLYP_5,44692
160,STAGE_1,68289
160,STAGE_2,75108
160,STAGE_1,93909
167,STAGE_2,12805
167,STAGE_1,19456
167,POLYP_5,76150
167,POLYP_5,77082
167,STAGE_1,77924
167,POLYP_5,80606
167,STAGE_4,91407
174,STAGE_1,43242
174,POLYP_5,44480
174,POLYP_5,71235
174,STAGE_1,72718
174,STAGE_1,88975
174,STAGE_1,95632
181,DIE,13241
181,STAGE_4,22757
181,POLYP_5,24653
181,POLYP_5,31387
181,STAGE_3,38399
181,STAGE_2,53011
188,POLYP_5,49819
188,POLYP_5,57233
188,STAGE_1,87790
188,POLYP_5,91907
195,DIE,49024
202,STAGE_4,46132
202,STAGE_1,49330
202,STAGE_1,91066
202,POLYP_5,98344
209,STAGE_1,9555
209,STAGE_3,28516
209,STAGE_3,53922
209,POLYP_5,65795
209,POLYP_5,89469
216,POLYP_5,46540
216,STAGE_3,66399
223,STAGE_4,5570
223,STAGE_2,52875
223,DIE,83254
223,STAGE_4,84803
223,DIE,91407
223,STAGE_1,93305
230,POLYP_5,17432
230,STAGE_1,26823
230,STAGE_3,67567
230,DIE,76882
230,STAGE_2,96497
237,STAGE_3,24211
237,STAGE_1,35921
237,STAGE_1,56800
237,STAGE_1,57269
237,STAGE_1,60392
237,STAGE_1,66853
244,STAGE_1,1357
244,STAGE_1,30577
244,STAGE_4,33449
244,STAGE_1,49957
244,STAGE_4,57948
244,STAGE_1,61710
244,STAGE_4,71162
251,STAGE_2,9478
251,STAGE_2,9708
251,STAGE_1,28644
251,STAGE_1,31626
251,STAGE_4,40432
251,STAGE_1,73159
258,STAGE_1,49580
258,STAGE_2,98636
265,STAGE_4,8679
265,STAGE_1,22755
265,STAGE_1,46964
265,STAGE_1,70057
265,POLYP_5,86059
265,POLYP_5,91187
272,POLYP_5,39231
272,STAGE_1,89436
279,STAGE_1,276
279,POLYP_5,31060
279,POLYP_5,44778
279,POLYP_5,48008
279,POLYP_5,88219
286,DIE,22757
293,POLYP_5,29867
293,STAGE_2,40418
293,STAGE_1,46558
300,STAGE_4,20167
300,STAGE_1,23573
300,STAGE_2,65289
300,STAGE_4,70875
300,POLYP_5,72063
300,STAGE_2,97488
307,STAGE_1,5092
307,STAGE_1,33207
314,DIE,5570
314,POLYP_5,22020
314,DIE,33449
314,STAGE_2,40025
314,STAGE_1,64095
321,DIE,8679
321,POLYP_5,30308
321,STAGE_1,56313
321,POLYP_5,62611
328,DIE,46132
328,STAGE_3,49790
328,DIE,84803
328,STAGE_3,85982
335,STAGE_2,667
335,STAGE_1,36352
335,STAGE_1,38508
335,STAGE_1,39187
335,STAGE_1,45059
335,STAGE_1,82124
335,STAGE_1,89459
342,STAGE_1,30446
342,DIE,40432
342,STAGE_1,78187
342,POLYP_5,79755
342,STAGE_1,85829
349,POLYP_5,21416
349,STAGE_2,28791
349,STAGE_1,74805
356,STAGE_1,980
356,STAGE_1,5544
356,STAGE_1,89235
363,POLYP_5,9502
363,STAGE_1,20981
363,STAGE_2,68594
363,STAGE_1,83685
363,STAGE_2,95791
377,DIE,20167
377,STAGE_4,28022
377,STAGE_3,53031
377,STAGE_2,63376
377,DIE,70875
377,STAGE_1,79945
377,STAGE_1,99507
384,STAGE_2,63800
391,STAGE_4,64742
391,STAGE_2,97099
398,STAGE_1,15273
398,STAGE_1,36106
398,STAGE_1,48427
405,STAGE_2,570
405,STAGE_2,33320
405,STAGE_1,38895
405,DIE,71162
405,STAGE_1,74546
405,STAGE_1,75506
405,STAGE_3,87852
412,POLYP_5,5681
412,STAGE_1,14095
412,STAGE_1,16653
412,POLYP_5,69488
419,STAGE_1,6849
419,STAGE_2,45349
419,POLYP_5,53381
426,STAGE_2,18353
426,STAGE_1,21677
426,POLYP_5,26288
426,POLYP_5,40466
426,POLYP_5,40509
426,STAGE_4,51794
426,POLYP_5,83670
426,STAGE_1,85878
433,STAGE_1,1806
433,STAGE_4,22133
433,STAGE_2,34511
433,POLYP_5,66353
433,POLYP_5,82579
440,STAGE_1,7780
440,STAGE_1,48656
440,POLYP_5,52855
440,STAGE_1,66262
440,POLYP_5,66974
447,POLYP_5,12941
454,POLYP_5,47729
454,STAGE_3,87692
454,POLYP_5,95023
461,POLYP_5,12948
461,POLYP_5,52577
461,DIE,54692
461,STAGE_1,95451
461,STAGE_1,96976
475,STAGE_1,6005
475,STAGE_4,37691
475,STAGE_1,49657
475,POLYP_5,69052
482,STAGE_2,12861
482,POLYP_5,22804
482,POLYP_5,34056
482,POLYP_5,34853
482,POLYP_5,85736
482,POLYP_5,99821
489,STAGE_1,4700
489,POLYP_5,17801
496,STAGE_1,7527
496,STAGE_1,39397
496,STAGE_2,62006
496,POLYP_5,62853
496,STAGE_3,80127
496,POLYP_5,84521
503,STAGE_1,521
503,STAGE_3,27509
503,STAGE_2,35895
503,DIE,64742
503,STAGE_1,66829
503,STAGE_1,81869
510,STAGE_1,12761
510,STAGE_4,66955
510,POLYP_5,84753
517,POLYP_5,1937
517,POLYP_5,28936
517,POLYP_5,36593
517,STAGE_2,43477
517,STAGE_2,93495
517,STAGE_1,98540
524,STAGE_1,28958
524,DIE,51794
531,STAGE_1,34939
531,POLYP_5,43949
531,STAGE_1,55390
531,STAGE_1,82931
538,POLYP_5,5602
538,POLYP_5,37020
538,POLYP_5,47236
538,STAGE_2,78401
538,STAGE_1,89700
545,STAGE_3,18490
545,DIE,37691
545,POLYP_5,39595
545,STAGE_1,42159
552,STAGE_1,5041
552,STAGE_1,38451
559,STAGE_2,40632
559,POLYP_5,46894
559,STAGE_1,92204
566,STAGE_1,3316
566,STAGE_1,17633
566,DIE,28022
566,STAGE_1,70118
566,POLYP_5,88591
573,STAGE_1,10934
573,STAGE_2,19926
573,POLYP_5,84655
573,STAGE_4,88630
580,STAGE_1,1951
580,STAGE_1,6899
580,STAGE_1,24501
580,STAGE_4,35522
580,POLYP_5,45636
580,POLYP_5,65893
580,STAGE_1,69429
580,STAGE_1,93896
587,STAGE_2,30795
594,POLYP_5,668
594,STAGE_1,38912
594,STAGE_4,51202
594,STAGE_2,77924
601,DIE,22133
601,STAGE_1,62372
601,STAGE_1,71722
601,STAGE_1,97253
601,POLYP_5,99466
608,POLYP_5,21336
608,POLYP_5,32897
608,DIE,66955
608,STAGE_1,67588
608,POLYP_5,99942
615,POLYP_5,4418
615,POLYP_5,27655
615,STAGE_1,53413
615,STAGE_1,62819
615,POLYP_5,63053
622,POLYP_5,46991
622,POLYP_5,59751
622,STAGE_1,67722
622,STAGE_2,77183
622,STAGE_2,99683
629,STAGE_1,25052
629,POLYP_5,38750
629,POLYP_5,51209
629,STAGE_2,96856
629,STAGE_1,100007
636,STAGE_1,20387
636,POLYP_5,78978
636,DIE,88630
643,STAGE_1,26606
643,STAGE_1,51110
643,STAGE_1,54736
650,STAGE_1,5859
650,STAGE_1,44860
650,STAGE_1,53839
650,STAGE_2,59395
657,STAGE_3,821
657,POLYP_5,44858
657,STAGE_1,69674
657,POLYP_5,89316
657,STAGE_4,99490
664,STAGE_4,10247
664,STAGE_1,19818
664,POLYP_5,33674
664,STAGE_3,45801
664,STAGE_2,64095
664,POLYP_5,91308
671,POLYP_5,6247
671,STAGE_2,13387
671,POLYP_5,38637
671,STAGE_2,50824
678,STAGE_3,25103
678,STAGE_1,40021
678,STAGE_1,41426
678,STAGE_1,84076
678,STAGE_1,97697
685,POLYP_5,86620
692,POLYP_5,22830
692,DIE,51202
692,STAGE_1,53324
692,STAGE_1,53883
699,STAGE_2,21466
699,STAGE_1,33564
706,STAGE_4,30333
706,DIE,35522
706,STAGE_3,94709
713,STAGE_2,1538
713,STAGE_1,35360
713,STAGE_2,49580
713,STAGE_1,59360
713,POLYP_5,76986
713,STAGE_1,86127
720,STAGE_3,18589
720,POLYP_5,28302
720,POLYP_5,54818
727,POLYP_5,83989
727,STAGE_3,84554
727,POLYP_5,95452
734,STAGE_2,4280
734,STAGE_1,14877
734,POLYP_5,43507
734,STAGE_1,60360
734,STAGE_2,66159
734,STAGE_4,66702
741,STAGE_1,10836
741,STAGE_1,24295
741,POLYP_5,30956
741,POLYP_5,44018
748,POLYP_5,37133
748,STAGE_2,59223
748,STAGE_3,67850
748,STAGE_2,80479
748,DIE,99490
755,POLYP_5,7644
755,STAGE_1,29810
755,POLYP_5,89406
762,POLYP_5,7205
769,STAGE_2,3857
769,STAGE_1,26469
769,STAGE_1,47206
769,POLYP_5,53034
769,STAGE_2,61243
769,STAGE_4,88448
776,POLYP_5,8404
776,DIE,10247
790,STAGE_3,23228
790,STAGE_1,69519
790,STAGE_2,91843
797,POLYP_5,70243
797,POLYP_5,79738
804,STAGE_2,46558
811,POLYP_5,15465
811,STAGE_1,83750
811,POLYP_5,90684
818,STAGE_1,8105
818,STAGE_2,18554
818,STAGE_1,81307
818,POLYP_5,91977
825,STAGE_3,61865
825,DIE,66702
832,STAGE_1,48755
832,STAGE_2,79945
832,STAGE_2,81964
839,STAGE_3,10055
846,STAGE_3,3716
846,POLYP_5,30109
846,STAGE_2,50481
846,STAGE_1,64217
846,POLYP_5,73242
846,STAGE_1,82187
846,STAGE_3,97099
853,STAGE_3,38090
853,STAGE_1,83737
853,STAGE_3,98265
860,POLYP_5,29499
860,STAGE_4,31473
860,STAGE_4,56505
860,STAGE_4,69157
860,STAGE_3,88659
867,POLYP_5,2720
867,STAGE_1,22509
867,STAGE_2,33472
867,POLYP_5,49040
867,STAGE_1,70617
867,STAGE_2,89416
867,STAGE_4,98826
874,STAGE_4,5065
874,STAGE_1,24920
874,STAGE_4,59716
874,STAGE_3,88310
881,STAGE_3,32574
881,STAGE_3,82983
881,STAGE_1,89695
888,POLYP_5,47259
888,DIE,88448
888,STAGE_1,97022
895,POLYP_5,13281
895,STAGE_4,32464
895,STAGE_1,97625
902,STAGE_4,7138
902,POLYP_5,18126
909,STAGE_2,9555
909,STAGE_2,74422
916,STAGE_1,22107
916,STAGE_1,50345
916,STAGE_1,67655
916,POLYP_5,70448
923,POLYP_5,35121
923,STAGE_2,63446
923,POLYP_5,97181
930,STAGE_2,86652
937,STAGE_1,14181
944,POLYP_5,5169
944,STAGE_2,30577
944,POLYP_5,47449
944,STAGE_1,75152
951,POLYP_5,5459
951,STAGE_4,10846
951,STAGE_2,15014
951,DIE,31473
951,POLYP_5,73385
951,POLYP_5,73524
958,STAGE_2,521
958,STAGE_1,20811
958,STAGE_2,23915
958,STAGE_2,57256
958,STAGE_1,67033
958,POLYP_5,68656
965,DIE,5065
965,STAGE_2,55628
965,STAGE_1,70484
965,STAGE_4,89262
972,POLYP_5,22248
972,STAGE_1,24249
972,POLYP_5,33902
972,STAGE_1,48275
972,POLYP_5,66248
979,DIE,59716
986,STAGE_2,2379
986,STAGE_3,50095
986,DIE,98826
993,STAGE_2,980
993,STAGE_2,51928
993,STAGE_3,58225
993,STAGE_1,71057
993,POLYP_5,75797
1000,POLYP_5,23791
1000,POLYP_5,78612
1000,STAGE_2,97705
1007,DIE,7138
1007,STAGE_2,38451
1007,POLYP_5,78171
1014,DIE,32464
1014,STAGE_2,48656
1014,POLYP_5,76342
1021,STAGE_1,31572
1021,STAGE_3,93495
1028,STAGE_1,67993
1028,POLYP_5,70729
1028,STAGE_2,82124
1028,STAGE_2,88384
1028,STAGE_1,97745
1035,STAGE_1,8394
1035,POLYP_5,81206
1035,DIE,89262
1042,POLYP_5,1059
1042,STAGE_3,14683
1042,STAGE_1,66084
1042,STAGE_1,82080
1049,STAGE_1,4126
1049,STAGE_4,26075
1049,STAGE_1,29730
1049,POLYP_5,67522
1049,STAGE_1,92893
1056,STAGE_4,10773
1056,STAGE_1,18457
1056,STAGE_3,19926
1056,STAGE_4,21197
1056,STAGE_1,29616
1056,STAGE_2,60123
1056,STAGE_1,71498
1063,STAGE_1,10424
1063,STAGE_1,11516
1063,STAGE_1,18139
1063,POLYP_5,26217
1063,STAGE_3,48359
1063,STAGE_2,66262
1063,STAGE_3,90614
1070,STAGE_1,9045
1070,DIE,10846
1070,STAGE_2,11611
1070,STAGE_2,42589
1070,STAGE_1,51830
1070,STAGE_1,70528
1077,POLYP_5,18185
1077,STAGE_4,32722
1077,POLYP_5,36610
1077,POLYP_5,91530
1077,POLYP_5,95838
1084,STAGE_3,14892
1084,POLYP_5,59502
1098,STAGE_2,22
1098,STAGE_1,2587
1098,STAGE_3,64095
1105,STAGE_3,20893
1105,STAGE_4,53031
1105,STAGE_4,87852
1112,DIE,30333
1112,POLYP_5,59975
1112,STAGE_3,82563
1119,STAGE_1,1629
1119,STAGE_1,17835
1119,POLYP_5,51082
1119,STAGE_2,98573
1126,STAGE_2,67722
1126,POLYP_5,68309
1126,POLYP_5,90646
1133,POLYP_5,8289
1133,POLYP_5,48333
1140,STAGE_2,31069
1140,STAGE_2,49330
1140,STAGE_2,92041
1140,STAGE_2,93896
1147,POLYP_5,1107
1147,STAGE_1,21020
1147,STAGE_1,61613
1147,STAGE_2,83438
1147,STAGE_4,97099
1154,STAGE_1,12527
1154,STAGE_3,23181
1154,STAGE_1,23701
1154,STAGE_1,42334
1154,POLYP_5,83227
1154,STAGE_2,97253
1161,POLYP_5,3155
1161,DIE,10773
1161,POLYP_5,42458
1168,STAGE_1,301
1168,POLYP_5,16120
1168,POLYP_5,24408
1168,POLYP_5,67045
1175,DIE,26075
1175,STAGE_1,31500
1175,STAGE_1,44628
1175,POLYP_5,44936
1175,POLYP_5,49833
1175,POLYP_5,67011
1182,DIE,53031
1182,STAGE_3,54984
1182,STAGE_2,56800
1182,STAGE_2,77256
1182,DIE,87852
1182,DIE,97099
1189,POLYP_5,2582
1189,DIE,32722
1189,POLYP_5,36211
1189,POLYP_5,70769
1189,STAGE_4,80127
1189,POLYP_5,97724
1189,POLYP_5,98805
1196,STAGE_1,13910
1196,STAGE_2,36352
1196,STAGE_1,45885
1196,POLYP_5,57679
1203,STAGE_2,1357
1203,DIE,21197
1203,POLYP_5,55606
1203,POLYP_5,66079
1203,STAGE_3,68451
1203,STAGE_2,72718
1210,POLYP_5,25163
1210,DIE,56505
1210,POLYP_5,76104
1217,POLYP_5,24829
1217,STAGE_2,26606
1217,POLYP_5,71305
1217,STAGE_1,94791
1224,STAGE_1,40509
1224,POLYP_5,65201
1224,STAGE_2,98540
1231,POLYP_5,60813
1238,STAGE_2,22755
1238,STAGE_2,44860
1238,STAGE_1,46189
1238,POLYP_5,67055
1238,STAGE_2,83685
1245,POLYP_5,61007
1252,STAGE_1,18705
1252,STAGE_2,28644
1252,POLYP_5,87785
1252,STAGE_3,93847
1259,STAGE_2,52911
1259,DIE,80127
1259,POLYP_5,80556
1259,STAGE_3,93460
1266,STAGE_1,16364
1266,POLYP_5,54664
1266,STAGE_2,77644
1266,STAGE_1,81992
1273,POLYP_5,35994
1273,STAGE_2,100007
1280,STAGE_1,91907
1287,POLYP_5,13359
1287,STAGE_2,19858
1287,STAGE_2,88975
1294,STAGE_1,16963
1294,STAGE_2,19818
1294,STAGE_1,27099
1294,STAGE_2,40355
1294,STAGE_2,61710
1294,POLYP_5,77415
1294,STAGE_2,96976
1301,STAGE_1,5861
1315,POLYP_5,35484
1315,POLYP_5,70519
1315,POLYP_5,96304
1315,STAGE_2,99507
1322,STAGE_1,30861
1322,STAGE_2,56313
1322,POLYP_5,67797
1329,STAGE_1,75962
1329,STAGE_1,82611
1336,POLYP_5,16691
1336,POLYP_5,52145
1336,POLYP_5,99182
1343,STAGE_1,18365
1343,STAGE_2,35360
1343,STAGE_1,39992
1343,STAGE_1,44480
1343,POLYP_5,55066
1343,STAGE_2,73159
1343,STAGE_1,86160
1350,POLYP_5,41485
1357,STAGE_1,23439
1357,STAGE_2,47258
1364,POLYP_5,25158
1371,STAGE_1,17994
1378,STAGE_1,41345
1378,STAGE_1,46540
1385,POLYP_5,2589
1385,STAGE_2,5828
1385,STAGE_1,11785
1385,POLYP_5,56713
1392,POLYP_5,11645
1392,POLYP_5,76845
1392,POLYP_5,82605
1392,STAGE_1,87530
1392,POLYP_5,88145
1392,STAGE_1,99466
1399,POLYP_5,28845
1406,POLYP_5,324
1406,STAGE_3,46558
1406,POLYP_5,72162
1413,POLYP_5,20185
1413,POLYP_5,60395
1413,STAGE_1,83079
1420,STAGE_1,24653
1420,STAGE_1,29867
1420,STAGE_1,65584
1427,POLYP_5,4743
1427,STAGE_2,33564
1427,STAGE_1,70957
1427,STAGE_2,89459
1434,STAGE_1,34056
1434,POLYP_5,98516
1441,STAGE_1,72792
1448,STAGE_1,13017
1448,STAGE_2,43242
1448,STAGE_2,53324
1455,STAGE_3,36481
1455,STAGE_4,49790
1455,POLYP_5,51842
1455,STAGE_2,63170
1455,STAGE_2,78187
1462,STAGE_3,9478
1462,POLYP_5,74945
1462,STAGE_3,88503
1462,POLYP_5,97610
1469,STAGE_1,10516
1469,STAGE_2,34939
1469,POLYP_5,76788
1469,POLYP_5,78231
1469,POLYP_5,97303
1476,POLYP_5,2157
1483,STAGE_3,1538
1483,STAGE_2,5544
1483,POLYP_5,21712
1483,POLYP_5,48244
1483,POLYP_5,48901
1490,STAGE_3,13177
1490,POLYP_5,20157
1497,POLYP_5,42687
1497,POLYP_5,81795
1497,STAGE_1,98373
1504,POLYP_5,19189
1504,STAGE_2,53413
1504,STAGE_1,85832
1511,POLYP_5,23571
1518,POLYP_5,39030
1518,STAGE_2,83737
1525,POLYP_5,50638
1525,STAGE_2,53839
1525,STAGE_1,59116
1525,STAGE_1,85765
1525,STAGE_2,97697
1532,POLYP_5,86811
1532,STAGE_4,94709
1539,POLYP_5,45567
1539,STAGE_1,95023
1553,POLYP_5,1048
1553,POLYP_5,19656
1553,STAGE_1,22020
1553,POLYP_5,37898
1553,POLYP_5,97044
1560,POLYP_5,8183
1560,POLYP_5,8623
1560,STAGE_4,23228
1560,POLYP_5,45094
1560,STAGE_2,48427
1560,STAGE_1,81173
1567,STAGE_4,18589
1567,POLYP_5,24253
1567,DIE,49790
1574,POLYP_5,3029
1574,STAGE_3,5705
1574,POLYP_5,33630
1574,STAGE_4,61865
1574,STAGE_4,88659
1574,POLYP_5,94058
1581,POLYP_5,7465
1588,POLYP_5,56794
1588,STAGE_2,70617
1595,STAGE_3,12861
1595,POLYP_5,32426
1595,POLYP_5,66615
1602,POLYP_5,84368
1609,STAGE_4,10055
1609,POLYP_5,32843
1609,POLYP_5,89907
1609,STAGE_3,90005
1609,DIE,94709
1616,POLYP_5,47400
1616,STAGE_2,70118
1616,STAGE_4,76268
1623,POLYP_5,68858
1623,STAGE_1,69052
1630,POLYP_5,29361
1637,POLYP_5,17140
1637,DIE,23228
1637,POLYP_5,57935
1637,STAGE_1,98344
1644,DIE,61865
1644,DIE,88659
1651,DIE,18589
1651,STAGE_2,30446
1651,STAGE_1,86620
1651,STAGE_1,88591
1658,POLYP_5,54660
1665,STAGE_2,41426
1665,STAGE_1,68309
1672,POLYP_5,13104
1672,POLYP_5,18350
1679,POLYP_5,57889
1686,POLYP_5,389
1686,DIE,10055
1686,POLYP_5,55884
1686,STAGE_2,86127
1693,POLYP_5,65180
1693,POLYP_5,87149
1700,POLYP_5,50938
1700,POLYP_5,56588
1700,STAGE_2,97625
1707,POLYP_5,7160
1707,POLYP_5,67398
1707,STAGE_1,70448
1714,POLYP_5,33343
1721,POLYP_5,67345
1728,STAGE_3,980
1728,POLYP_5,17793
1728,POLYP_5,42527
1728,STAGE_4,58225
1728,STAGE_3,67722
1735,STAGE_3,9555
1735,POLYP_5,32985
1735,POLYP_5,57403
1735,STAGE_4,87692
1742,POLYP_5,91982
1749,POLYP_5,17328
1749,DIE,76268
1749,POLYP_5,79083
1749,STAGE_1,89316
1756,POLYP_5,33815
1756,POLYP_5,36103
1756,POLYP_5,89166
1756,POLYP_5,92259
1756,STAGE_3,93449
1763,POLYP_5,25120
1763,STAGE_1,36260
1763,POLYP_5,47135
1763,POLYP_5,63098
1770,POLYP_5,34769
1770,STAGE_2,75506
1777,POLYP_5,2155
1777,POLYP_5,8116
1777,POLYP_5,20802
1777,POLYP_5,27468
1777,POLYP_5,47123
1777,POLYP_5,76652
1777,STAGE_1,93365
1784,STAGE_3,21103
1784,POLYP_5,97175
1791,POLYP_5,51402
1791,POLYP_5,51764
1798,STAGE_1,12355
1798,DIE,58225
1798,STAGE_3,81964
1805,POLYP_5,6583
1805,STAGE_4,25103
1805,STAGE_1,27713
1812,POLYP_5,20220
1812,STAGE_4,46558
1812,POLYP_5,76803
1819,STAGE_1,668
1819,POLYP_5,75725
1819,STAGE_1,84753
1819,STAGE_3,93896
